open_price;high_price;low_price;close_price;volume;close_time;quote_asset_volume;n_trades;Taker buy base asset volume;Taker buy quote asset volume;Ignore
17436.12000000;17436.28000000;17430.03000000;17431.01000000;91.96478000;2023-01-11 07:05:59.999;1603187.94832840;2949;40.52987000;706541.06679250;0
17430.61000000;17438.52000000;17429.81000000;17436.86000000;125.61832000;2023-01-11 07:06:59.999;2189974.72833760;3432;77.19944000;1345883.74751630;0
17437.18000000;17437.58000000;17434.98000000;17435.56000000;96.72693000;2023-01-11 07:07:59.999;1686590.26200020;3082;38.44042000;670276.73172690;0
17435.56000000;17438.35000000;17434.80000000;17435.88000000;126.36345000;2023-01-11 07:08:59.999;2203324.33796950;3087;65.17376000;1136387.43369280;0
17435.88000000;17436.11000000;17431.35000000;17435.14000000;153.84087000;2023-01-11 07:09:59.999;2681980.06558720;3457;76.66347000;1336546.46076040;0
17435.59000000;17439.46000000;17434.19000000;17438.54000000;151.31959000;2023-01-11 07:10:59.999;2638529.20306600;2923;90.24277000;1573580.15923250;0
17438.08000000;17439.29000000;17434.85000000;17435.82000000;116.15378000;2023-01-11 07:11:59.999;2025371.18469050;2549;52.00458000;906808.18763220;0
17435.82000000;17437.48000000;17435.00000000;17437.03000000;70.66500000;2023-01-11 07:12:59.999;1232139.81059330;1733;28.12209000;490348.34954460;0
17437.03000000;17440.94000000;17436.96000000;17439.71000000;114.36720000;2023-01-11 07:13:59.999;1994371.28903500;2299;52.07533000;908137.38892010;0
17439.71000000;17441.10000000;17437.84000000;17440.61000000;112.73864000;2023-01-11 07:14:59.999;1966146.15556030;2564;52.71774000;919397.27446730;0
17440.24000000;17441.96000000;17438.60000000;17441.56000000;95.78540000;2023-01-11 07:15:59.999;1670557.16580270;2487;44.59782000;777822.46203870;0
17441.16000000;17444.91000000;17439.05000000;17439.47000000;188.12974000;2023-01-11 07:16:59.999;3281281.20209470;3614;108.94683000;1900257.91716990;0
17439.47000000;17440.87000000;17436.13000000;17439.98000000;123.30731000;2023-01-11 07:17:59.999;2150310.46172800;3212;56.52375000;985713.80340960;0
17439.98000000;17441.36000000;17437.01000000;17437.65000000;125.71568000;2023-01-11 07:18:59.999;2192368.12452000;2682;54.82142000;956051.64054970;0
17437.65000000;17440.44000000;17437.01000000;17438.89000000;73.43774000;2023-01-11 07:19:59.999;1280658.84220990;2181;35.29827000;615565.13410490;0
17438.95000000;17441.53000000;17438.29000000;17440.70000000;74.06783000;2023-01-11 07:20:59.999;1291752.25168880;2221;40.55597000;707309.54826370;0
17440.31000000;17441.81000000;17439.00000000;17439.18000000;66.87818000;2023-01-11 07:21:59.999;1166375.31468290;2403;30.12132000;525329.35644490;0
17439.67000000;17441.92000000;17438.42000000;17441.17000000;65.13800000;2023-01-11 07:22:59.999;1136032.83557300;1975;41.74217000;728005.36146980;0
17441.18000000;17443.66000000;17439.85000000;17441.57000000;121.33982000;2023-01-11 07:23:59.999;2116331.89843420;3225;53.83671000;939008.42561200;0
17441.75000000;17442.86000000;17439.51000000;17442.18000000;88.07656000;2023-01-11 07:24:59.999;1536179.46207590;2759;38.72719000;675465.92817180;0
17442.59000000;17442.97000000;17439.23000000;17440.65000000;86.42436000;2023-01-11 07:25:59.999;1507293.15124880;2465;39.67433000;691949.09109740;0
17440.18000000;17441.57000000;17440.00000000;17440.57000000;46.98369000;2023-01-11 07:26:59.999;819433.09174150;1720;22.45899000;391707.40289040;0
17440.57000000;17445.76000000;17440.01000000;17443.14000000;148.60094000;2023-01-11 07:27:59.999;2591996.46397010;2672;101.59188000;1772045.62499360;0
17443.14000000;17452.93000000;17442.01000000;17450.14000000;286.87070000;2023-01-11 07:28:59.999;5005224.92739040;4614;182.09884000;3177249.17904450;0
17450.13000000;17456.07000000;17448.72000000;17452.49000000;251.43098000;2023-01-11 07:29:59.999;4388216.43661550;4352;78.11398000;1363341.99596270;0
17452.10000000;17462.99000000;17451.03000000;17455.70000000;459.89838000;2023-01-11 07:30:59.999;8028516.09581380;6016;211.94936000;3700079.61169910;0
17455.33000000;17456.34000000;17441.90000000;17449.09000000;414.90257000;2023-01-11 07:31:59.999;7239973.75975570;4418;231.13772000;4033169.63579860;0
17450.42000000;17451.17000000;17435.00000000;17442.80000000;447.08422000;2023-01-11 07:32:59.999;7797947.10177810;5894;112.10799000;1955446.72766550;0
17442.80000000;17444.06000000;17440.00000000;17440.27000000;75.31294000;2023-01-11 07:33:59.999;1313578.31699500;2607;27.96357000;487740.97417990;0
17440.64000000;17442.15000000;17439.42000000;17441.43000000;87.92894000;2023-01-11 07:34:59.999;1533519.05614510;2360;47.23890000;823879.63692520;0
17441.43000000;17449.05000000;17440.99000000;17448.72000000;140.13682000;2023-01-11 07:35:59.999;2444600.28304090;3339;77.76848000;1356637.74450610;0
17448.32000000;17454.10000000;17448.25000000;17453.53000000;90.12468000;2023-01-11 07:36:59.999;1572780.76997210;2633;50.38561000;879305.47248970;0
17453.53000000;17454.20000000;17446.25000000;17449.03000000;110.39982000;2023-01-11 07:37:59.999;1926406.06215090;2892;48.26029000;842101.63659790;0
17449.32000000;17450.53000000;17443.66000000;17448.57000000;196.49226000;2023-01-11 07:38:59.999;3428176.74793390;3456;95.45951000;1665486.44269200;0
17448.93000000;17449.52000000;17441.59000000;17442.28000000;109.46262000;2023-01-11 07:39:59.999;1909575.96708920;2635;36.15856000;630772.44442580;0
17442.28000000;17445.81000000;17440.12000000;17440.74000000;277.40889000;2023-01-11 07:40:59.999;4838724.80403830;3391;130.52895000;2276734.80679900;0
17441.18000000;17449.93000000;17440.74000000;17443.88000000;198.79099000;2023-01-11 07:41:59.999;3468021.20978350;3756;137.50889000;2398946.34538880;0
17443.88000000;17446.59000000;17441.30000000;17441.53000000;200.12627000;2023-01-11 07:42:59.999;3490986.80298960;2695;101.19040000;1765130.20070520;0
17441.98000000;17451.12000000;17441.04000000;17447.57000000;176.65779000;2023-01-11 07:43:59.999;3082125.39988970;3084;117.68949000;2053325.20427010;0
17447.57000000;17450.77000000;17445.39000000;17449.55000000;269.39609000;2023-01-11 07:44:59.999;4700364.90625980;2749;151.18313000;2637804.44180300;0
17449.57000000;17450.44000000;17435.52000000;17446.93000000;286.95712000;2023-01-11 07:45:59.999;5005668.68363460;4312;108.53176000;1893384.60625020;0
17446.93000000;17448.73000000;17445.00000000;17447.02000000;65.48802000;2023-01-11 07:46:59.999;1142544.69994760;2175;36.42602000;635513.16656270;0
17447.38000000;17448.33000000;17445.80000000;17446.00000000;74.04522000;2023-01-11 07:47:59.999;1291857.62664180;1947;41.71557000;727806.78891450;0
17446.00000000;17448.58000000;17444.97000000;17448.36000000;131.67134000;2023-01-11 07:48:59.999;2297278.59693610;2816;61.07991000;1065671.66239010;0
17448.07000000;17448.46000000;17441.10000000;17442.74000000;193.17476000;2023-01-11 07:49:59.999;3369829.42822020;4082;84.26498000;1469971.21013030;0
17442.74000000;17446.50000000;17441.48000000;17445.53000000;105.95614000;2023-01-11 07:50:59.999;1848283.06849440;2519;45.48637000;793471.44613460;0
17445.87000000;17448.64000000;17443.45000000;17443.84000000;134.94051000;2023-01-11 07:51:59.999;2354234.49696450;2841;60.50364000;1055581.74901730;0
17443.84000000;17446.64000000;17441.90000000;17443.40000000;139.40180000;2023-01-11 07:52:59.999;2431724.58779110;2600;85.97979000;1499874.02269330;0
17443.40000000;17448.81000000;17441.50000000;17448.04000000;125.01242000;2023-01-11 07:53:59.999;2180884.12887210;2824;71.11138000;1240562.71157490;0
17448.04000000;17449.00000000;17444.19000000;17444.19000000;103.61733000;2023-01-11 07:54:59.999;1807792.46809870;2176;41.89121000;730880.16479850;0
17444.19000000;17445.60000000;17442.23000000;17444.79000000;120.08682000;2023-01-11 07:55:59.999;2094845.57936230;2338;43.13354000;752448.47943580;0
17445.09000000;17447.32000000;17444.05000000;17446.61000000;113.30487000;2023-01-11 07:56:59.999;1976731.93891210;2264;46.75326000;815666.69268380;0
17446.44000000;17448.65000000;17443.03000000;17443.40000000;155.93604000;2023-01-11 07:57:59.999;2720485.90306360;2597;79.86855000;1393427.10323140;0
17443.40000000;17446.88000000;17441.34000000;17441.92000000;257.13287000;2023-01-11 07:58:59.999;4485360.27128950;2678;126.79151000;2211705.34243800;0
17441.92000000;17456.63000000;17441.22000000;17446.65000000;394.83545000;2023-01-11 07:59:59.999;6888890.73938320;5364;274.11118000;4782770.26861350;0
17447.02000000;17448.76000000;17445.17000000;17446.17000000;148.83907000;2023-01-11 08:00:59.999;2596757.02788860;3536;80.45041000;1403622.66220080;0
17446.17000000;17449.06000000;17445.83000000;17446.99000000;124.86816000;2023-01-11 08:01:59.999;2178607.69247530;3586;51.97926000;906909.21093860;0
17447.33000000;17447.57000000;17443.51000000;17446.22000000;131.29679000;2023-01-11 08:02:59.999;2290533.55388850;2871;59.98179000;1046417.33522750;0
17446.08000000;17450.00000000;17444.50000000;17447.38000000;184.39422000;2023-01-11 08:03:59.999;3217055.13724790;3558;134.41401000;2345117.70459570;0
17446.77000000;17447.37000000;17443.36000000;17445.33000000;110.80533000;2023-01-11 08:04:59.999;1933026.97095660;3217;56.30079000;982194.39693320;0
17444.95000000;17446.85000000;17443.47000000;17445.92000000;131.41852000;2023-01-11 08:05:59.999;2292622.71438680;3216;54.62938000;953035.25116140;0
17445.92000000;17448.00000000;17443.51000000;17447.11000000;166.51136000;2023-01-11 08:06:59.999;2904935.36574170;3398;66.74253000;1164401.67888930;0
17447.10000000;17447.64000000;17441.69000000;17442.60000000;148.86645000;2023-01-11 08:07:59.999;2596812.37244060;3281;54.56611000;951846.27496870;0
17443.06000000;17443.70000000;17439.84000000;17440.59000000;104.41414000;2023-01-11 08:08:59.999;1821115.08106510;2835;45.64672000;796146.56626370;0
17440.59000000;17442.22000000;17439.35000000;17440.07000000;124.32708000;2023-01-11 08:09:59.999;2168366.08321870;2688;65.43530000;1141261.66628870;0
17440.07000000;17444.00000000;17438.48000000;17439.98000000;308.53187000;2023-01-11 08:10:59.999;5380816.53272080;3218;173.86153000;3032120.54979600;0
17439.14000000;17451.38000000;17439.14000000;17444.03000000;255.52426000;2023-01-11 08:11:59.999;4457493.21929910;3942;166.41806000;2903198.11946320;0
17444.03000000;17444.23000000;17441.88000000;17442.21000000;69.80600000;2023-01-11 08:12:59.999;1217626.82258440;2452;26.92892000;469723.06813080;0
17442.21000000;17443.17000000;17441.00000000;17442.02000000;94.36937000;2023-01-11 08:13:59.999;1645990.99536250;2437;47.66289000;831340.85105550;0
17442.02000000;17448.07000000;17441.10000000;17441.45000000;165.71417000;2023-01-11 08:14:59.999;2890527.14849750;3552;83.36540000;1454189.54152910;0
17441.78000000;17442.01000000;17431.91000000;17433.58000000;146.79959000;2023-01-11 08:15:59.999;2559673.97366300;3459;39.08655000;681539.28986980;0
17433.58000000;17436.29000000;17430.00000000;17430.55000000;139.47239000;2023-01-11 08:16:59.999;2431418.06546270;3414;61.93728000;1079802.07589060;0
17430.12000000;17435.83000000;17429.82000000;17434.10000000;119.26610000;2023-01-11 08:17:59.999;2079181.99283280;3148;58.50786000;1019976.27446850;0
17434.59000000;17436.31000000;17431.19000000;17431.61000000;73.48110000;2023-01-11 08:18:59.999;1281031.45197910;2509;25.65731000;447312.98118930;0
17431.24000000;17431.85000000;17426.81000000;17430.32000000;236.91197000;2023-01-11 08:19:59.999;4129121.74611650;4735;107.94207000;1881341.33500770;0
17430.32000000;17431.21000000;17426.23000000;17428.36000000;127.54121000;2023-01-11 08:20:59.999;2222910.65073560;3042;51.06479000;890034.10679580;0
17428.03000000;17431.66000000;17426.22000000;17429.69000000;95.45427000;2023-01-11 08:21:59.999;1663695.02970330;2660;52.03931000;907020.37551670;0
17429.69000000;17431.44000000;17427.28000000;17430.48000000;100.61877000;2023-01-11 08:22:59.999;1753755.99677460;2642;44.56736000;776808.80059540;0
17430.48000000;17431.08000000;17427.57000000;17427.71000000;99.35300000;2023-01-11 08:23:59.999;1731620.72665970;2682;39.03344000;680322.09592040;0
17427.71000000;17430.93000000;17426.05000000;17427.38000000;152.24148000;2023-01-11 08:24:59.999;2653315.37020360;3841;68.18201000;1188317.76254410;0
17427.74000000;17431.66000000;17426.33000000;17427.18000000;92.63166000;2023-01-11 08:25:59.999;1614429.25115930;2867;47.67694000;830948.57905930;0
17427.64000000;17429.24000000;17408.68000000;17417.55000000;511.96736000;2023-01-11 08:26:59.999;8918146.32252790;7664;210.71951000;3670457.70942270;0
17417.55000000;17426.31000000;17415.51000000;17421.99000000;227.08986000;2023-01-11 08:27:59.999;3956071.67100660;5225;108.89145000;1897012.74355490;0
17421.99000000;17429.25000000;17419.73000000;17428.80000000;154.80231000;2023-01-11 08:28:59.999;2697404.93985920;4069;90.66841000;1579892.87001620;0
17429.20000000;17429.93000000;17424.44000000;17425.97000000;92.80414000;2023-01-11 08:29:59.999;1617273.16587980;3023;37.64517000;656039.58546280;0
17425.44000000;17428.15000000;17424.00000000;17425.72000000;113.49569000;2023-01-11 08:30:59.999;1977802.41487250;3424;59.66820000;1039813.13103850;0
17425.72000000;17427.04000000;17423.70000000;17426.03000000;140.05712000;2023-01-11 08:31:59.999;2440589.41420930;3550;77.07866000;1343168.10142960;0
17426.05000000;17428.93000000;17425.86000000;17428.36000000;116.55784000;2023-01-11 08:32:59.999;2031298.49993680;2855;67.26929000;1172329.39806320;0
17427.90000000;17429.65000000;17426.44000000;17428.81000000;100.02940000;2023-01-11 08:33:59.999;1743291.17256760;2881;55.53354000;967841.29758030;0
17428.81000000;17431.44000000;17427.00000000;17429.32000000;122.19163000;2023-01-11 08:34:59.999;2129677.08379030;2719;62.53230000;1089916.16620460;0
17429.32000000;17432.99000000;17428.05000000;17432.07000000;140.02931000;2023-01-11 08:35:59.999;2440733.28598860;3180;69.28770000;1207739.95772830;0
17432.07000000;17433.13000000;17429.25000000;17430.22000000;211.99379000;2023-01-11 08:36:59.999;3695272.77740360;3790;98.74495000;1721246.05335200;0
17429.82000000;17431.60000000;17426.36000000;17428.44000000;152.64064000;2023-01-11 08:37:59.999;2660364.50739230;3353;71.84299000;1252154.20901020;0
17428.44000000;17429.78000000;17426.82000000;17427.68000000;141.52893000;2023-01-11 08:38:59.999;2466637.22597690;3213;60.02551000;1046171.66369070;0
17427.68000000;17428.82000000;17425.81000000;17428.30000000;88.33370000;2023-01-11 08:39:59.999;1539433.65530270;2801;44.96841000;783695.75006840;0
17428.73000000;17429.69000000;17419.51000000;17420.96000000;201.64898000;2023-01-11 08:40:59.999;3513820.60568670;3818;85.28042000;1486077.91902340;0
17420.96000000;17423.77000000;17413.74000000;17415.67000000;220.69433000;2023-01-11 08:41:59.999;3844238.96127550;4276;106.93558000;1862719.46435470;0
17416.06000000;17420.45000000;17415.09000000;17418.57000000;143.01304000;2023-01-11 08:42:59.999;2491060.28710110;3501;76.71573000;1336280.46341340;0
17418.80000000;17420.41000000;17416.19000000;17419.94000000;106.41483000;2023-01-11 08:43:59.999;1853616.90217420;2958;52.84447000;920511.45224320;0
17420.32000000;17420.77000000;17417.12000000;17420.22000000;65.54911000;2023-01-11 08:44:59.999;1141824.47813320;2222;24.78357000;431704.29386670;0
17420.56000000;17428.05000000;17419.98000000;17425.98000000;166.39610000;2023-01-11 08:45:59.999;2899378.57185940;3564;96.04633000;1673547.55406800;0
17425.94000000;17429.99000000;17424.33000000;17429.42000000;107.00509000;2023-01-11 08:46:59.999;1864821.03981550;3373;66.98853000;1167464.34802920;0
17429.42000000;17430.00000000;17425.69000000;17428.81000000;116.02337000;2023-01-11 08:47:59.999;2022075.98628410;2646;44.13137000;769125.21577040;0
17428.81000000;17430.99000000;17428.00000000;17428.96000000;171.60508000;2023-01-11 08:48:59.999;2990990.79236900;3570;96.92195000;1689302.94084070;0
17428.97000000;17432.41000000;17427.92000000;17431.43000000;99.62857000;2023-01-11 08:49:59.999;1736564.92440190;2814;57.25243000;997914.51675580;0
17431.41000000;17434.97000000;17430.79000000;17434.46000000;102.58655000;2023-01-11 08:50:59.999;1788371.68723180;2933;59.65416000;1039948.38762800;0
17434.06000000;17437.64000000;17433.60000000;17433.65000000;125.92998000;2023-01-11 08:51:59.999;2195720.00531810;3635;64.33481000;1121750.00463760;0
17433.65000000;17436.20000000;17432.63000000;17434.71000000;110.18035000;2023-01-11 08:52:59.999;1920936.90980490;3293;50.50633000;880556.02720040;0
17434.29000000;17436.49000000;17433.00000000;17435.41000000;130.48539000;2023-01-11 08:53:59.999;2274945.44506600;3360;55.21298000;962630.00729000;0
17435.00000000;17436.05000000;17432.46000000;17434.42000000;120.39348000;2023-01-11 08:54:59.999;2098970.87017630;3093;44.29013000;772177.24552800;0
17434.42000000;17435.39000000;17431.69000000;17432.41000000;103.20545000;2023-01-11 08:55:59.999;1799185.07422710;3056;55.24748000;963143.16990850;0
17432.07000000;17433.85000000;17431.43000000;17432.21000000;107.94593000;2023-01-11 08:56:59.999;1881751.53670580;2616;64.51700000;1124687.11230100;0
17432.52000000;17437.32000000;17431.48000000;17437.25000000;111.80913000;2023-01-11 08:57:59.999;1949381.49762150;3069;60.74807000;1059144.83104530;0
17436.92000000;17441.77000000;17435.56000000;17441.77000000;159.03068000;2023-01-11 08:58:59.999;2773249.00473680;4522;97.16844000;1694510.26581560;0
17441.77000000;17450.00000000;17440.89000000;17447.60000000;160.38395000;2023-01-11 08:59:59.999;2798164.68306340;4554;92.31413000;1610549.24848020;0
17447.95000000;17450.87000000;17444.70000000;17445.93000000;126.64608000;2023-01-11 09:00:59.999;2209605.71817100;4144;62.02725000;1082199.60688540;0
17446.30000000;17450.33000000;17445.68000000;17448.65000000;111.61827000;2023-01-11 09:01:59.999;1947503.25146730;3606;54.25579000;946654.57633960;0
17448.30000000;17452.35000000;17447.96000000;17451.09000000;140.69113000;2023-01-11 09:02:59.999;2455123.79545210;3379;65.14264000;1136780.42200520;0
17450.75000000;17453.13000000;17449.47000000;17451.29000000;102.69775000;2023-01-11 09:03:59.999;1792202.30884540;3280;53.86811000;940075.21596240;0
17451.29000000;17457.86000000;17451.26000000;17455.60000000;143.40570000;2023-01-11 09:04:59.999;2503143.11514910;4186;84.93478000;1482534.59878220;0
17455.48000000;17458.20000000;17453.92000000;17455.93000000;161.23274000;2023-01-11 09:05:59.999;2814471.16335630;4151;79.62597000;1389973.95737250;0
17456.33000000;17456.34000000;17450.78000000;17451.64000000;189.72363000;2023-01-11 09:06:59.999;3311463.00965650;4309;71.07484000;1240583.58742380;0
17451.64000000;17456.79000000;17450.84000000;17455.75000000;159.10594000;2023-01-11 09:07:59.999;2777086.97047970;3611;97.31443000;1698567.12206840;0
17455.14000000;17456.23000000;17452.44000000;17452.84000000;172.83790000;2023-01-11 09:08:59.999;3016764.34136660;3618;71.58584000;1249504.01955890;0
17452.85000000;17453.21000000;17449.45000000;17450.22000000;166.04823000;2023-01-11 09:09:59.999;2897752.92635190;3974;65.46265000;1142417.25333460;0
17450.01000000;17450.94000000;17446.72000000;17448.85000000;93.58684000;2023-01-11 09:10:59.999;1632966.77855330;2656;43.51598000;759299.65378930;0
17448.44000000;17450.73000000;17447.14000000;17447.95000000;121.05571000;2023-01-11 09:11:59.999;2112246.35736800;3176;58.91546000;1027994.95796800;0
17447.95000000;17447.96000000;17443.84000000;17444.99000000;134.20958000;2023-01-11 09:12:59.999;2341373.74354900;2923;64.06941000;1117733.95073850;0
17444.59000000;17446.32000000;17442.16000000;17443.60000000;155.73748000;2023-01-11 09:13:59.999;2716723.54243050;3824;78.95421000;1377316.61341600;0
17443.59000000;17446.00000000;17442.65000000;17444.04000000;100.59931000;2023-01-11 09:14:59.999;1754895.61529110;2958;46.52509000;811608.55163960;0
17444.04000000;17445.47000000;17442.95000000;17445.26000000;82.96305000;2023-01-11 09:15:59.999;1447218.92755270;2940;38.90645000;678700.39080850;0
17445.26000000;17452.89000000;17443.12000000;17450.82000000;247.34771000;2023-01-11 09:16:59.999;4315794.62382210;5371;99.17140000;1730423.27927900;0
17450.82000000;17458.51000000;17450.46000000;17455.24000000;195.06452000;2023-01-11 09:17:59.999;3404916.44418410;4219;108.61090000;1895842.95658000;0
17454.79000000;17466.58000000;17453.75000000;17461.31000000;358.49470000;2023-01-11 09:18:59.999;6259621.11224440;6411;213.05181000;3720059.73958310;0
17461.67000000;17463.66000000;17456.45000000;17462.73000000;159.67974000;2023-01-11 09:19:59.999;2787994.04183420;4035;81.87869000;1429619.17770330;0
17462.33000000;17464.48000000;17456.60000000;17462.31000000;302.12049000;2023-01-11 09:20:59.999;5275526.55657410;3987;178.16447000;3111015.53455980;0
17462.31000000;17466.43000000;17449.94000000;17464.06000000;362.14882000;2023-01-11 09:21:59.999;6322859.95564110;5998;126.42906000;2207627.99474710;0
17463.45000000;17472.15000000;17463.45000000;17467.60000000;251.42748000;2023-01-11 09:22:59.999;4391892.52319140;5650;139.68973000;2440114.28731630;0
17467.69000000;17468.34000000;17459.41000000;17461.77000000;164.25704000;2023-01-11 09:23:59.999;2868639.50213990;4499;71.44715000;1247782.59310600;0
17461.36000000;17466.15000000;17461.36000000;17463.40000000;127.88233000;2023-01-11 09:24:59.999;2233356.69825650;3559;72.58609000;1267677.38711360;0
17463.40000000;17465.07000000;17461.03000000;17461.24000000;80.32870000;2023-01-11 09:25:59.999;1402829.65199200;2607;37.82045000;660498.51367380;0
17461.24000000;17462.01000000;17453.55000000;17455.23000000;187.60046000;2023-01-11 09:26:59.999;3275037.21697470;4018;81.32361000;1419708.68798990;0
17455.64000000;17457.99000000;17455.19000000;17455.56000000;131.13345000;2023-01-11 09:27:59.999;2289128.76621040;2957;63.61858000;1110562.36469510;0
17455.89000000;17456.36000000;17448.29000000;17450.98000000;140.14086000;2023-01-11 09:28:59.999;2445801.35670480;3405;44.86941000;783067.46240730;0
17450.62000000;17454.65000000;17449.33000000;17449.90000000;113.68101000;2023-01-11 09:29:59.999;1983967.03309420;3466;61.75835000;1077820.64040310;0
17450.45000000;17454.14000000;17449.33000000;17453.66000000;130.14657000;2023-01-11 09:30:59.999;2271279.82598730;3135;76.21782000;1330132.50525070;0
17453.66000000;17454.56000000;17448.31000000;17448.83000000;78.13808000;2023-01-11 09:31:59.999;1363604.64114250;2765;30.76323000;536864.34412050;0
17448.83000000;17452.17000000;17448.80000000;17450.16000000;77.75148000;2023-01-11 09:32:59.999;1356807.43781520;2724;36.51837000;637269.62392830;0
17450.16000000;17452.46000000;17449.13000000;17450.38000000;97.62514000;2023-01-11 09:33:59.999;1703659.82704880;3119;41.03944000;716192.66133970;0
17450.38000000;17453.61000000;17449.29000000;17453.15000000;106.51793000;2023-01-11 09:34:59.999;1858935.40924880;2748;49.86738000;870283.38638500;0
17453.15000000;17454.52000000;17450.00000000;17453.97000000;116.14346000;2023-01-11 09:35:59.999;2027034.51425530;2944;49.67182000;866942.96121620;0
17453.97000000;17460.97000000;17453.62000000;17459.95000000;195.14064000;2023-01-11 09:36:59.999;3406727.59545810;4372;113.58643000;1982955.26903510;0
17459.95000000;17460.32000000;17456.01000000;17457.10000000;109.75644000;2023-01-11 09:37:59.999;1916134.20638180;3216;45.77634000;799177.14408990;0
17457.10000000;17459.70000000;17454.38000000;17458.52000000;80.12272000;2023-01-11 09:38:59.999;1398702.43589150;3045;41.29145000;720832.95327270;0
17458.72000000;17458.94000000;17455.11000000;17456.46000000;85.44607000;2023-01-11 09:39:59.999;1491679.52967020;2712;43.51397000;759653.09149430;0
17456.08000000;17460.16000000;17455.47000000;17459.79000000;59.53507000;2023-01-11 09:40:59.999;1039351.27721210;2217;37.41127000;653118.32487130;0
17459.79000000;17460.26000000;17457.04000000;17457.66000000;96.50973000;2023-01-11 09:41:59.999;1684959.69456790;2870;42.15518000;736000.41070880;0
17457.31000000;17461.21000000;17456.92000000;17460.31000000;140.82872000;2023-01-11 09:42:59.999;2458816.09891590;3896;77.05900000;1345431.30210990;0
17460.31000000;17466.24000000;17459.78000000;17461.99000000;165.98363000;2023-01-11 09:43:59.999;2898462.06553770;3962;84.00208000;1466904.70032540;0
17462.01000000;17463.42000000;17460.84000000;17461.77000000;74.67357000;2023-01-11 09:44:59.999;1303951.82378090;2314;35.96238000;627982.18451770;0
17462.16000000;17462.92000000;17456.43000000;17458.79000000;99.18783000;2023-01-11 09:45:59.999;1731799.75735100;2668;35.20975000;614751.05517330;0
17458.54000000;17459.91000000;17455.02000000;17456.13000000;97.66690000;2023-01-11 09:46:59.999;1705012.07358760;2853;40.71274000;710750.95467330;0
17456.22000000;17456.59000000;17450.72000000;17451.96000000;105.23668000;2023-01-11 09:47:59.999;1836661.33740450;2648;45.07635000;786691.55014180;0
17451.61000000;17455.89000000;17451.22000000;17453.17000000;95.35070000;2023-01-11 09:48:59.999;1664234.64732480;2166;53.26942000;929751.80358610;0
17452.91000000;17453.39000000;17450.72000000;17450.74000000;54.98970000;2023-01-11 09:49:59.999;959695.72722730;1745;21.14056000;368956.99195720;0
17451.18000000;17451.39000000;17447.11000000;17447.12000000;84.51425000;2023-01-11 09:50:59.999;1474742.44722260;2336;38.14888000;665700.60188470;0
17447.35000000;17449.47000000;17447.11000000;17448.71000000;49.26198000;2023-01-11 09:51:59.999;859544.15043490;1838;32.08045000;559757.20962740;0
17448.71000000;17451.95000000;17447.22000000;17451.46000000;103.45059000;2023-01-11 09:52:59.999;1805192.20068720;2688;52.26735000;912067.51535460;0
17451.46000000;17454.96000000;17450.86000000;17453.57000000;97.26515000;2023-01-11 09:53:59.999;1697538.04146920;2128;55.66397000;971494.24735460;0
17453.91000000;17454.37000000;17452.71000000;17453.19000000;81.95115000;2023-01-11 09:54:59.999;1430320.24825120;2150;33.89426000;591577.32790620;0
17453.19000000;17453.88000000;17448.87000000;17448.87000000;73.26500000;2023-01-11 09:55:59.999;1278577.55673080;2126;24.08637000;420343.33928850;0
17449.17000000;17449.28000000;17443.35000000;17445.92000000;147.40831000;2023-01-11 09:56:59.999;2571620.82034120;2981;62.77818000;1095199.05923780;0
17445.91000000;17446.65000000;17443.00000000;17443.50000000;115.12534000;2023-01-11 09:57:59.999;2008316.88826060;2795;49.44995000;862647.80292650;0
17443.13000000;17447.96000000;17439.70000000;17444.64000000;216.36935000;2023-01-11 09:58:59.999;3774153.47075240;4172;95.56071000;1666900.41000260;0
17445.07000000;17448.00000000;17442.01000000;17446.71000000;140.73336000;2023-01-11 09:59:59.999;2455029.26004650;3301;67.68522000;1180760.20577580;0
17446.86000000;17447.50000000;17444.79000000;17446.68000000;102.52906000;2023-01-11 10:00:59.999;1788719.28321960;2717;45.55856000;794826.64223050;0
17447.04000000;17447.49000000;17444.84000000;17445.60000000;77.74568000;2023-01-11 10:01:59.999;1356350.15798630;2207;30.78886000;537150.47478290;0
17445.18000000;17446.69000000;17443.22000000;17443.73000000;80.64718000;2023-01-11 10:02:59.999;1406885.11826610;2150;32.35777000;564485.71126790;0
17443.73000000;17445.73000000;17443.73000000;17444.38000000;68.46646000;2023-01-11 10:03:59.999;1194381.99664010;2104;29.14017000;508350.43261480;0
17444.63000000;17445.32000000;17442.76000000;17443.40000000;81.62155000;2023-01-11 10:04:59.999;1423787.16759520;2271;29.95519000;522540.33603500;0
17443.03000000;17446.55000000;17442.58000000;17445.64000000;108.34388000;2023-01-11 10:05:59.999;1889962.14041600;2677;57.04598000;995127.98002580;0
17445.53000000;17449.48000000;17445.13000000;17447.48000000;115.25826000;2023-01-11 10:06:59.999;2010987.79718020;2804;54.86097000;957200.92588460;0
17447.48000000;17450.90000000;17446.77000000;17450.59000000;101.83320000;2023-01-11 10:07:59.999;1776948.11775750;2948;53.46266000;932909.54599390;0
17450.59000000;17456.83000000;17449.83000000;17455.50000000;164.70807000;2023-01-11 10:08:59.999;2874655.32898360;3526;93.87146000;1638353.72968950;0
17455.77000000;17456.63000000;17451.10000000;17453.48000000;114.22817000;2023-01-11 10:09:59.999;1993651.37973130;3067;47.70878000;832683.43268500;0
17453.48000000;17453.48000000;17449.69000000;17450.20000000;80.96647000;2023-01-11 10:10:59.999;1412984.53542280;2426;36.19323000;631633.16929880;0
17450.20000000;17454.78000000;17450.15000000;17454.20000000;76.45069000;2023-01-11 10:11:59.999;1334264.57139320;2095;48.64024000;848908.68881380;0
17454.59000000;17457.06000000;17453.26000000;17456.38000000;82.23826000;2023-01-11 10:12:59.999;1435455.80594030;2436;53.92000000;941176.26097440;0
17456.40000000;17458.94000000;17454.62000000;17456.06000000;132.90915000;2023-01-11 10:13:59.999;2320192.07065120;3607;70.34288000;1227993.94604810;0
17456.06000000;17456.94000000;17452.73000000;17454.82000000;81.20010000;2023-01-11 10:14:59.999;1417310.36574700;2591;35.73732000;623785.44237210;0
17454.44000000;17457.99000000;17453.66000000;17457.77000000;102.81766000;2023-01-11 10:15:59.999;1794724.31653570;3084;53.87364000;940405.73712640;0
17457.77000000;17458.77000000;17456.35000000;17457.32000000;81.22862000;2023-01-11 10:16:59.999;1418035.95268350;2767;35.46104000;619062.04767120;0
17457.32000000;17457.93000000;17452.67000000;17453.95000000;66.75002000;2023-01-11 10:17:59.999;1165118.96239340;2347;25.14391000;438884.95088640;0
17453.95000000;17454.67000000;17448.14000000;17449.87000000;145.66321000;2023-01-11 10:18:59.999;2542042.51822120;3465;66.32722000;1157526.01020150;0
17449.48000000;17453.00000000;17449.11000000;17452.30000000;73.34849000;2023-01-11 10:19:59.999;1280016.99739790;2310;45.64742000;796608.96455920;0
17452.30000000;17452.63000000;17448.53000000;17449.58000000;111.85138000;2023-01-11 10:20:59.999;1951810.22287490;2812;42.66861000;744568.26303070;0
17449.47000000;17452.28000000;17447.60000000;17451.12000000;75.27615000;2023-01-11 10:21:59.999;1313529.21166370;2460;40.52014000;707065.02191390;0
17451.49000000;17452.30000000;17445.00000000;17445.40000000;113.48758000;2023-01-11 10:22:59.999;1980113.72315850;2712;35.23607000;614790.97431720;0
17445.40000000;17449.66000000;17444.40000000;17448.45000000;101.73134000;2023-01-11 10:23:59.999;1774943.89023620;2652;61.50502000;1073101.67211020;0
17448.65000000;17449.34000000;17444.60000000;17445.30000000;67.16406000;2023-01-11 10:24:59.999;1171835.77457780;2412;26.28799000;458660.09267040;0
17444.92000000;17449.21000000;17443.96000000;17448.65000000;129.54820000;2023-01-11 10:25:59.999;2260151.61762060;3540;72.57572000;1266202.57334990;0
17448.65000000;17451.66000000;17447.54000000;17448.78000000;77.69055000;2023-01-11 10:26:59.999;1355665.01830900;3159;38.10160000;664866.06549140;0
17449.19000000;17451.01000000;17448.55000000;17451.01000000;51.23391000;2023-01-11 10:27:59.999;894014.67627760;2173;26.99521000;471064.07704120;0
17450.56000000;17452.07000000;17449.03000000;17449.24000000;75.94575000;2023-01-11 10:28:59.999;1325259.39964380;2378;26.79981000;467668.14145570;0
17449.24000000;17449.65000000;17444.91000000;17445.46000000;84.43585000;2023-01-11 10:29:59.999;1473125.60162150;2668;30.02791000;523878.39511710;0
17445.97000000;17446.70000000;17442.12000000;17445.34000000;98.36303000;2023-01-11 10:30:59.999;1715889.65650670;2787;41.22158000;719093.47301240;0
17444.87000000;17448.00000000;17444.37000000;17447.54000000;75.53261000;2023-01-11 10:31:59.999;1317804.39373010;2508;38.34496000;669005.22985920;0
17447.18000000;17449.12000000;17446.60000000;17447.68000000;80.95704000;2023-01-11 10:32:59.999;1412514.46277660;2572;36.23519000;632222.56484630;0
17447.68000000;17448.32000000;17445.76000000;17448.15000000;84.44418000;2023-01-11 10:33:59.999;1473323.66663590;2623;39.20919000;684103.49561310;0
17448.15000000;17453.60000000;17447.55000000;17452.18000000;137.74715000;2023-01-11 10:34:59.999;2403745.35144060;3672;82.84688000;1445720.78455440;0
17452.18000000;17458.39000000;17451.71000000;17456.86000000;163.38481000;2023-01-11 10:35:59.999;2851839.57643530;4108;92.82234000;1620202.15644020;0
17456.85000000;17459.00000000;17455.20000000;17457.56000000;124.20849000;2023-01-11 10:36:59.999;2168323.36309810;3454;64.79898000;1131219.60442010;0
17457.19000000;17458.47000000;17453.19000000;17455.18000000;113.16345000;2023-01-11 10:37:59.999;1975339.72183440;3277;53.18711000;928427.69423480;0
17454.95000000;17455.42000000;17451.64000000;17453.25000000;80.05782000;2023-01-11 10:38:59.999;1397254.27193740;2826;38.86656000;678342.66609680;0
17453.26000000;17454.55000000;17452.59000000;17453.24000000;59.76597000;2023-01-11 10:39:59.999;1043127.78808480;2309;30.14261000;526100.82510830;0
17453.24000000;17453.96000000;17447.30000000;17448.11000000;109.25569000;2023-01-11 10:40:59.999;1906593.01594680;2787;38.65478000;674566.16947380;0
17448.49000000;17448.54000000;17442.97000000;17445.31000000;146.17745000;2023-01-11 10:41:59.999;2550113.19523800;3451;75.02096000;1308775.66051470;0
17445.99000000;17447.29000000;17444.99000000;17446.04000000;63.52157000;2023-01-11 10:42:59.999;1108204.98673210;2644;29.55112000;515558.93434750;0
17446.04000000;17449.02000000;17445.75000000;17447.52000000;70.18284000;2023-01-11 10:43:59.999;1224520.25448550;2374;42.09701000;734497.32691180;0
17447.87000000;17450.64000000;17444.92000000;17446.09000000;82.41634000;2023-01-11 10:44:59.999;1437977.58074320;2735;31.54398000;550378.67844550;0
17445.67000000;17446.59000000;17442.06000000;17442.52000000;148.60320000;2023-01-11 10:45:59.999;2592326.15517360;3274;52.32549000;912821.14752470;0
17442.52000000;17443.26000000;17439.51000000;17440.20000000;150.22515000;2023-01-11 10:46:59.999;2620054.07963900;3332;59.40423000;1036082.88989900;0
17440.20000000;17440.65000000;17436.33000000;17437.15000000;164.04214000;2023-01-11 10:47:59.999;2860670.23763870;3110;46.63756000;813298.15584410;0
17437.15000000;17443.75000000;17436.19000000;17442.83000000;154.31548000;2023-01-11 10:48:59.999;2691371.17779020;3825;83.50892000;1456452.26006610;0
17442.96000000;17446.88000000;17442.31000000;17443.82000000;122.36941000;2023-01-11 10:49:59.999;2134724.54631570;3097;49.59518000;865179.54663630;0
17443.82000000;17445.87000000;17442.52000000;17445.22000000;85.11847000;2023-01-11 10:50:59.999;1484789.22511970;2344;34.89786000;608760.65510660;0
17445.64000000;17448.23000000;17444.10000000;17447.63000000;96.17909000;2023-01-11 10:51:59.999;1677943.66766420;2522;47.66727000;831619.66440150;0
17447.42000000;17448.48000000;17444.73000000;17445.14000000;96.37648000;2023-01-11 10:52:59.999;1681459.40621300;2624;30.66687000;535046.50741490;0
17445.14000000;17446.43000000;17439.59000000;17441.10000000;114.33006000;2023-01-11 10:53:59.999;1994245.70512990;2876;47.74118000;832743.31306970;0
17441.10000000;17441.66000000;17436.80000000;17441.61000000;136.00945000;2023-01-11 10:54:59.999;2371921.12211450;3567;61.57285000;1073797.89738320;0
17441.65000000;17442.87000000;17439.21000000;17439.21000000;88.19491000;2023-01-11 10:55:59.999;1538233.13629290;3126;31.43119000;548212.77491760;0
17439.21000000;17439.91000000;17436.61000000;17437.35000000;95.20849000;2023-01-11 10:56:59.999;1660272.86229840;2739;45.05511000;785704.21079000;0
17437.00000000;17439.57000000;17435.29000000;17435.66000000;148.42979000;2023-01-11 10:57:59.999;2588185.27563830;3500;69.15291000;1205855.32152590;0
17435.66000000;17440.19000000;17435.18000000;17438.33000000;138.42816000;2023-01-11 10:58:59.999;2413821.97700790;3694;72.48099000;1263894.92439980;0
17438.34000000;17441.60000000;17437.95000000;17441.24000000;118.34229000;2023-01-11 10:59:59.999;2063880.78693880;3469;55.51036000;968114.71762540;0
17441.24000000;17441.24000000;17436.68000000;17437.84000000;184.48103000;2023-01-11 11:00:59.999;3217046.61842720;4268;79.38473000;1384343.85014110;0
17438.12000000;17442.57000000;17437.27000000;17440.52000000;115.09336000;2023-01-11 11:01:59.999;2007223.23928120;3501;62.99296000;1098601.95162200;0
17440.16000000;17442.00000000;17439.87000000;17441.42000000;37.60356000;2023-01-11 11:02:59.999;655845.06591230;1738;17.65002000;307838.32792830;0
17441.67000000;17441.81000000;17437.72000000;17438.35000000;72.65936000;2023-01-11 11:03:59.999;1267146.77714210;2502;26.44861000;461248.84631170;0
17438.69000000;17439.05000000;17437.72000000;17437.97000000;43.07934000;2023-01-11 11:04:59.999;751235.53272880;1839;19.62938000;342310.36376650;0
17438.13000000;17439.27000000;17437.53000000;17437.60000000;51.69134000;2023-01-11 11:05:59.999;901406.68569590;2296;26.24212000;457623.13717920;0
17437.96000000;17439.33000000;17436.78000000;17437.67000000;76.71927000;2023-01-11 11:06:59.999;1337819.49774890;2862;34.91669000;608882.43676080;0
17437.65000000;17437.69000000;17431.82000000;17433.78000000;239.88719000;2023-01-11 11:07:59.999;4182294.52344800;3871;113.50458000;1978869.98634880;0
17433.78000000;17435.77000000;17433.06000000;17433.59000000;87.49985000;2023-01-11 11:08:59.999;1525477.88790500;2573;39.66989000;691617.24382090;0
17433.59000000;17434.98000000;17429.93000000;17434.73000000;113.65996000;2023-01-11 11:09:59.999;1981346.01048920;3236;53.78055000;937525.14882570;0
17434.73000000;17439.17000000;17434.14000000;17438.82000000;132.97454000;2023-01-11 11:10:59.999;2318699.89250890;3536;82.52500000;1439010.60993220;0
17438.82000000;17441.33000000;17435.21000000;17435.98000000;159.71032000;2023-01-11 11:11:59.999;2785062.29850420;3641;67.23856000;1172569.58335110;0
17435.59000000;17436.94000000;17435.01000000;17436.78000000;44.29542000;2023-01-11 11:12:59.999;772324.52863280;1703;23.09087000;402612.77995270;0
17436.41000000;17440.65000000;17435.67000000;17438.84000000;142.56139000;2023-01-11 11:13:59.999;2486056.62872450;3085;58.96035000;1028188.35488250;0
17438.83000000;17440.00000000;17437.38000000;17438.82000000;61.84482000;2023-01-11 11:14:59.999;1078485.20342780;2139;28.64538000;499539.64593540;0
17438.82000000;17440.30000000;17435.30000000;17437.35000000;119.08221000;2023-01-11 11:15:59.999;2076492.90339420;3314;52.68755000;918745.39477350;0
17437.79000000;17438.04000000;17436.22000000;17437.84000000;43.19869000;2023-01-11 11:16:59.999;753261.04146220;2120;22.01533000;383888.76016510;0
17437.84000000;17437.94000000;17436.49000000;17437.36000000;34.87696000;2023-01-11 11:17:59.999;608156.55509650;1854;16.38616000;285730.66181310;0
17437.06000000;17439.46000000;17437.06000000;17438.54000000;73.15905000;2023-01-11 11:18:59.999;1275773.92089110;2213;29.27232000;510466.52698030;0
17438.54000000;17441.28000000;17437.63000000;17438.40000000;99.57187000;2023-01-11 11:19:59.999;1736460.92430430;2786;51.60102000;899897.27149840;0
17438.75000000;17438.83000000;17436.03000000;17436.85000000;73.35637000;2023-01-11 11:20:59.999;1279133.47111170;2495;29.31457000;511168.12082630;0
17436.44000000;17438.77000000;17432.36000000;17433.53000000;205.97667000;2023-01-11 11:21:59.999;3591236.23349640;4104;90.44933000;1577001.24972200;0
17433.55000000;17436.61000000;17432.00000000;17435.31000000;77.79167000;2023-01-11 11:22:59.999;1356270.52303660;2595;41.67115000;726533.61186670;0
17435.31000000;17436.18000000;17432.86000000;17434.00000000;88.04037000;2023-01-11 11:23:59.999;1534921.14032860;2517;36.59568000;638020.04116840;0
17433.70000000;17437.62000000;17433.41000000;17434.01000000;95.91157000;2023-01-11 11:24:59.999;1672282.83560120;3022;40.67739000;709240.76862350;0
17433.79000000;17434.29000000;17427.87000000;17428.12000000;150.40064000;2023-01-11 11:25:59.999;2621580.36151940;3539;54.42825000;948712.43337560;0
17427.98000000;17430.14000000;17427.86000000;17430.01000000;64.16209000;2023-01-11 11:26:59.999;1118271.96386370;2493;38.95655000;678974.80793170;0
17429.56000000;17437.10000000;17429.47000000;17436.40000000;164.83015000;2023-01-11 11:27:59.999;2873542.69595940;3791;105.50024000;1839246.68993970;0
17436.81000000;17442.45000000;17435.20000000;17441.21000000;165.03152000;2023-01-11 11:28:59.999;2878025.70321490;3637;96.27604000;1679010.49420740;0
17441.22000000;17442.87000000;17441.14000000;17442.38000000;66.29541000;2023-01-11 11:29:59.999;1156325.40378380;2929;35.75019000;623560.46503000;0
17442.38000000;17442.58000000;17437.00000000;17441.19000000;137.07909000;2023-01-11 11:30:59.999;2390645.82297000;3317;57.33842000;999961.65197930;0
17441.19000000;17444.89000000;17440.45000000;17444.36000000;118.96471000;2023-01-11 11:31:59.999;2075112.50739280;3622;73.95049000;1289926.02635810;0
17444.73000000;17449.06000000;17443.86000000;17448.39000000;148.09222000;2023-01-11 11:32:59.999;2583708.58121720;3798;94.99592000;1657355.60546520;0
17448.32000000;17454.51000000;17447.56000000;17450.11000000;266.84707000;2023-01-11 11:33:59.999;4656851.69771140;4278;124.34701000;2170006.81970190;0
17450.11000000;17454.04000000;17449.38000000;17453.43000000;92.59437000;2023-01-11 11:34:59.999;1615968.60998910;2509;55.80813000;973981.83128220;0
17453.43000000;17454.05000000;17448.43000000;17449.68000000;90.82770000;2023-01-11 11:35:59.999;1585067.07598610;2578;39.25416000;685038.73860220;0
17450.02000000;17450.14000000;17444.08000000;17444.90000000;108.60694000;2023-01-11 11:36:59.999;1894848.65476040;2944;44.19021000;770976.53344260;0
17444.90000000;17444.90000000;17440.00000000;17441.09000000;100.35934000;2023-01-11 11:37:59.999;1750452.04550910;2603;43.89269000;765574.76482620;0
17441.09000000;17442.36000000;17439.20000000;17441.91000000;89.21443000;2023-01-11 11:38:59.999;1555978.86613420;2472;42.35782000;738767.46763690;0
17441.70000000;17441.90000000;17436.16000000;17437.04000000;120.57525000;2023-01-11 11:39:59.999;2102594.07508560;2544;49.81908000;868727.05191580;0
17437.04000000;17440.98000000;17434.00000000;17434.03000000;174.82665000;2023-01-11 11:40:59.999;3048552.57786920;3846;75.84594000;1322603.49610700;0
17434.24000000;17437.13000000;17431.73000000;17436.23000000;179.78364000;2023-01-11 11:41:59.999;3134358.70422130;3679;84.69874000;1476653.71612210;0
17435.78000000;17438.05000000;17431.33000000;17437.16000000;142.10067000;2023-01-11 11:42:59.999;2477560.83310280;3017;70.73077000;1233218.76263080;0
17437.17000000;17438.66000000;17434.44000000;17435.19000000;83.16658000;2023-01-11 11:43:59.999;1450143.75021760;2103;31.52193000;549635.09745510;0
17435.19000000;17439.78000000;17434.28000000;17437.34000000;133.52047000;2023-01-11 11:44:59.999;2328223.69297960;3328;60.79070000;1060029.45501310;0
17437.34000000;17437.34000000;17432.43000000;17434.11000000;109.20004000;2023-01-11 11:45:59.999;1903854.38217100;2971;44.00722000;767257.62619630;0
17434.25000000;17435.87000000;17430.50000000;17431.71000000;158.89957000;2023-01-11 11:46:59.999;2770185.53980170;3057;63.47948000;1106702.18964290;0
17432.09000000;17437.55000000;17430.82000000;17434.07000000;122.56954000;2023-01-11 11:47:59.999;2136946.55497550;3190;59.19532000;1032045.63198970;0
17434.43000000;17437.00000000;17433.82000000;17434.48000000;59.96459000;2023-01-11 11:48:59.999;1045469.30059070;2030;31.89401000;556075.86633470;0
17434.59000000;17436.45000000;17430.10000000;17431.39000000;97.79381000;2023-01-11 11:49:59.999;1704846.07672120;2565;37.37752000;651626.95685030;0
17430.85000000;17434.59000000;17429.85000000;17430.91000000;221.73028000;2023-01-11 11:50:59.999;3865195.38955020;3738;120.12261000;2094034.79724330;0
17431.29000000;17433.99000000;17430.04000000;17432.41000000;70.50649000;2023-01-11 11:51:59.999;1229067.29676800;2206;34.88430000;608112.73523900;0
17432.41000000;17437.89000000;17432.40000000;17437.12000000;165.47836000;2023-01-11 11:52:59.999;2885268.14523520;3631;98.73364000;1721510.34714730;0
17437.12000000;17442.10000000;17435.24000000;17437.66000000;311.50357000;2023-01-11 11:53:59.999;5432152.77349870;5723;154.26243000;2690158.62898070;0
17437.13000000;17441.51000000;17434.97000000;17438.33000000;190.74695000;2023-01-11 11:54:59.999;3326345.82910240;4236;82.15251000;1432633.56383510;0
17438.33000000;17439.00000000;17433.50000000;17435.94000000;120.04215000;2023-01-11 11:55:59.999;2093054.69411210;2871;52.12584000;908861.21614360;0
17435.94000000;17437.50000000;17435.00000000;17436.54000000;100.24750000;2023-01-11 11:56:59.999;1747928.25928440;2436;51.20445000;892820.11477250;0
17436.54000000;17437.90000000;17434.83000000;17435.37000000;100.31281000;2023-01-11 11:57:59.999;1749069.93029760;1932;33.58898000;585672.93071800;0
17435.37000000;17436.48000000;17433.93000000;17436.47000000;69.58885000;2023-01-11 11:58:59.999;1213312.89945070;2007;35.56554000;620109.76384850;0
17436.07000000;17438.53000000;17435.60000000;17437.75000000;86.64412000;2023-01-11 11:59:59.999;1510814.15604090;2295;43.54109000;759227.04138650;0
17437.75000000;17437.75000000;17430.90000000;17431.24000000;255.09401000;2023-01-11 12:00:59.999;4447125.83668310;5081;99.52000000;1734988.30253000;0
17431.27000000;17433.64000000;17430.68000000;17431.74000000;96.43832000;2023-01-11 12:01:59.999;1681095.29653950;3075;48.12047000;838841.33648880;0
17431.74000000;17435.82000000;17431.37000000;17431.60000000;124.53349000;2023-01-11 12:02:59.999;2171035.42223910;3215;59.37607000;1035141.13902290;0
17431.94000000;17433.59000000;17429.68000000;17430.50000000;156.47252000;2023-01-11 12:03:59.999;2727440.40602480;3338;53.12120000;925973.63545870;0
17430.98000000;17431.96000000;17429.00000000;17430.15000000;102.37555000;2023-01-11 12:04:59.999;1784435.68225940;2652;53.27755000;928654.84306500;0
17430.15000000;17431.94000000;17427.02000000;17427.84000000;154.16447000;2023-01-11 12:05:59.999;2686976.97790370;3615;63.62574000;1108991.09017390;0
17428.36000000;17428.94000000;17421.01000000;17425.15000000;284.34231000;2023-01-11 12:06:59.999;4954713.60046210;5242;139.65707000;2433602.87441210;0
17425.13000000;17428.23000000;17424.50000000;17427.11000000;120.93844000;2023-01-11 12:07:59.999;2107541.07633530;3202;64.63503000;1126377.48208960;0
17427.11000000;17429.30000000;17424.82000000;17425.44000000;115.34716000;2023-01-11 12:08:59.999;2010089.01849840;3116;52.50601000;915019.28432310;0
17425.44000000;17429.14000000;17421.78000000;17425.72000000;181.34940000;2023-01-11 12:09:59.999;3160159.32000420;3832;79.47849000;1384992.26933410;0
17426.03000000;17427.30000000;17423.95000000;17426.87000000;62.01833000;2023-01-11 12:10:59.999;1080714.67169300;2169;28.97717000;504955.49569720;0
17426.87000000;17429.33000000;17425.71000000;17425.97000000;92.03446000;2023-01-11 12:11:59.999;1603970.11214930;2561;43.87151000;764602.06888580;0
17426.35000000;17426.36000000;17423.06000000;17423.25000000;91.03120000;2023-01-11 12:12:59.999;1586186.54063730;2848;41.70738000;726747.90227260;0
17423.55000000;17425.79000000;17422.80000000;17425.18000000;120.15224000;2023-01-11 12:13:59.999;2093562.43617580;3211;61.97549000;1079893.72225300;0
17425.18000000;17427.15000000;17420.78000000;17422.64000000;159.80205000;2023-01-11 12:14:59.999;2784468.76623430;3134;49.80205000;867822.61224390;0
17423.00000000;17423.40000000;17420.52000000;17421.28000000;125.32349000;2023-01-11 12:15:59.999;2183393.91403730;3099;49.45981000;861709.95364490;0
17421.28000000;17422.65000000;17420.00000000;17420.16000000;110.57799000;2023-01-11 12:16:59.999;1926368.91820970;2765;54.44457000;948489.45763570;0
17420.16000000;17421.68000000;17417.87000000;17420.46000000;169.94429000;2023-01-11 12:17:59.999;2960408.53612490;3973;71.61167000;1247487.94283490;0
17420.46000000;17421.30000000;17410.00000000;17414.31000000;317.17376000;2023-01-11 12:18:59.999;5523664.77464160;4963;112.03276000;1951120.83863180;0
17413.88000000;17415.68000000;17402.10000000;17408.43000000;525.95354000;2023-01-11 12:19:59.999;9156354.01269810;7178;222.47803000;3873364.96848400;0
17407.88000000;17409.73000000;17402.00000000;17405.10000000;287.10926000;2023-01-11 12:20:59.999;4997261.76867010;5690;139.42003000;2426710.05235910;0
17405.59000000;17420.02000000;17404.63000000;17416.57000000;290.56803000;2023-01-11 12:21:59.999;5059648.00370970;4777;177.45104000;3089910.03656060;0
17417.00000000;17417.74000000;17412.25000000;17413.26000000;110.23304000;2023-01-11 12:22:59.999;1919614.53094430;2942;49.24964000;857649.12688040;0
17413.26000000;17417.22000000;17412.62000000;17416.88000000;105.72081000;2023-01-11 12:23:59.999;1841119.92647380;2581;61.65366000;1073717.01380700;0
17416.88000000;17418.76000000;17410.68000000;17413.25000000;193.62451000;2023-01-11 12:24:59.999;3372000.79936250;3972;86.34057000;1503651.28639810;0
17413.25000000;17414.78000000;17408.80000000;17412.76000000;154.36968000;2023-01-11 12:25:59.999;2687893.11079930;3934;89.70054000;1561888.22115940;0
17412.76000000;17415.81000000;17411.38000000;17414.45000000;106.28776000;2023-01-11 12:26:59.999;1850890.27045400;2698;68.06540000;1185299.70560540;0
17414.45000000;17419.76000000;17414.00000000;17416.25000000;174.02482000;2023-01-11 12:27:59.999;3031009.21591620;3585;95.67628000;1666432.68564800;0
17416.25000000;17417.35000000;17411.00000000;17411.10000000;121.59443000;2023-01-11 12:28:59.999;2117487.12060430;2955;51.48116000;896500.42837690;0
17411.43000000;17413.50000000;17409.11000000;17410.42000000;103.83066000;2023-01-11 12:29:59.999;1807854.02965250;2829;52.34755000;911466.28552260;0
17409.94000000;17411.79000000;17406.16000000;17411.00000000;190.38683000;2023-01-11 12:30:59.999;3314475.05125410;3962;94.54742000;1646008.66113700;0
17411.38000000;17418.44000000;17410.77000000;17418.00000000;157.74375000;2023-01-11 12:31:59.999;2747101.45342660;2870;104.46720000;1819290.70302630;0
17418.00000000;17422.30000000;17417.00000000;17418.00000000;157.85922000;2023-01-11 12:32:59.999;2749756.04616910;2882;71.21230000;1240453.40475850;0
17417.63000000;17423.90000000;17417.63000000;17422.28000000;152.03586000;2023-01-11 12:33:59.999;2648602.09319280;3308;86.52048000;1507259.38960220;0
17422.69000000;17424.00000000;17419.63000000;17420.23000000;69.60753000;2023-01-11 12:34:59.999;1212692.01341620;2257;27.23607000;474512.13329620;0
17419.71000000;17422.88000000;17419.48000000;17422.74000000;76.47986000;2023-01-11 12:35:59.999;1332364.22344370;2517;44.72954000;779247.79675590;0
17422.74000000;17423.85000000;17421.54000000;17422.45000000;153.01199000;2023-01-11 12:36:59.999;2665851.62678670;2798;54.72276000;953425.33171580;0
17422.45000000;17423.44000000;17419.06000000;17419.54000000;92.73756000;2023-01-11 12:37:59.999;1615592.14458770;2458;38.24706000;666328.76224170;0
17419.54000000;17421.86000000;17418.81000000;17421.06000000;95.47646000;2023-01-11 12:38:59.999;1663258.76611050;2446;48.49648000;844843.80694500;0
17421.37000000;17422.00000000;17411.40000000;17414.39000000;280.20478000;2023-01-11 12:39:59.999;4880140.15113180;4685;124.67615000;2171353.31012190;0
17414.79000000;17415.61000000;17410.01000000;17414.29000000;171.45313000;2023-01-11 12:40:59.999;2985581.53136140;3653;84.83610000;1477302.76149510;0
17414.75000000;17420.10000000;17412.87000000;17413.88000000;108.28125000;2023-01-11 12:41:59.999;1885901.35757250;2961;62.01119000;1080038.60429750;0
17413.44000000;17417.60000000;17411.95000000;17415.16000000;141.93044000;2023-01-11 12:42:59.999;2471723.96657360;3051;68.95150000;1200810.13909220;0
17415.53000000;17416.99000000;17414.00000000;17416.69000000;61.01088000;2023-01-11 12:43:59.999;1062520.87077520;2025;28.30417000;492930.99474990;0
17416.69000000;17417.59000000;17415.05000000;17416.33000000;94.04000000;2023-01-11 12:44:59.999;1637818.41969970;2546;42.33218000;737277.75435510;0
17416.33000000;17420.04000000;17413.00000000;17418.46000000;177.70472000;2023-01-11 12:45:59.999;3095034.87282080;3547;85.11672000;1482463.57541230;0
17418.46000000;17423.00000000;17417.92000000;17422.16000000;141.92430000;2023-01-11 12:46:59.999;2472508.47328190;3072;77.82576000;1355819.57684880;0
17422.16000000;17426.13000000;17422.06000000;17424.36000000;204.77668000;2023-01-11 12:47:59.999;3568100.53735530;3613;111.29687000;1939283.22560650;0
17424.08000000;17426.24000000;17422.26000000;17423.65000000;81.39572000;2023-01-11 12:48:59.999;1418252.47964990;2655;41.29900000;719604.50932070;0
17423.48000000;17426.14000000;17422.00000000;17424.13000000;101.07367000;2023-01-11 12:49:59.999;1761104.59414210;3097;53.06274000;924563.72970570;0
17424.13000000;17424.58000000;17418.45000000;17421.21000000;141.65727000;2023-01-11 12:50:59.999;2467850.89019170;3105;49.66858000;865277.61576960;0
17421.33000000;17421.47000000;17415.74000000;17417.77000000;163.62655000;2023-01-11 12:51:59.999;2850130.04762360;3754;59.66120000;1039226.95188910;0
17417.77000000;17422.42000000;17417.00000000;17421.98000000;105.32697000;2023-01-11 12:52:59.999;1834736.93125870;3040;56.22565000;979434.92133720;0
17421.98000000;17423.02000000;17417.01000000;17419.08000000;196.85268000;2023-01-11 12:53:59.999;3429195.53510790;3619;55.46447000;966219.84584900;0
17419.66000000;17426.64000000;17419.09000000;17423.41000000;165.26632000;2023-01-11 12:54:59.999;2879411.36285560;3973;94.76526000;1651086.90543490;0
17423.42000000;17424.80000000;17421.96000000;17423.96000000;97.74624000;2023-01-11 12:55:59.999;1703063.76378280;2998;41.38891000;721144.44619110;0
17423.96000000;17425.97000000;17420.60000000;17421.65000000;141.84946000;2023-01-11 12:56:59.999;2471482.74853080;3334;46.03838000;802153.06635870;0
17421.65000000;17422.66000000;17418.21000000;17420.72000000;136.37814000;2023-01-11 12:57:59.999;2375740.53145600;3489;56.40845000;982672.39476250;0
17420.37000000;17423.96000000;17418.99000000;17420.40000000;117.01486000;2023-01-11 12:58:59.999;2038540.46237340;3141;59.47925000;1036201.90520790;0
17420.13000000;17420.45000000;17416.10000000;17418.56000000;164.22417000;2023-01-11 12:59:59.999;2860479.45982630;3616;59.34607000;1033712.84416570;0
17418.56000000;17422.16000000;17417.99000000;17421.59000000;143.87546000;2023-01-11 13:00:59.999;2506304.73048770;3484;72.77602000;1267780.66080130;0
17421.59000000;17424.11000000;17421.06000000;17422.90000000;117.22364000;2023-01-11 13:01:59.999;2042335.41735880;2973;58.02126000;1010890.13974610;0
17422.74000000;17423.46000000;17421.25000000;17422.33000000;85.51289000;2023-01-11 13:02:59.999;1489824.61587850;2550;34.25694000;596839.84209730;0
17422.63000000;17423.12000000;17417.59000000;17418.17000000;112.84051000;2023-01-11 13:03:59.999;1965632.07067080;2880;38.54455000;671431.60130210;0
17418.27000000;17420.51000000;17417.51000000;17418.40000000;96.80204000;2023-01-11 13:04:59.999;1686173.39069460;3050;48.34897000;842189.52737670;0
17418.05000000;17421.72000000;17417.68000000;17420.85000000;112.45672000;2023-01-11 13:05:59.999;1958962.28018100;2815;55.46405000;966171.17091720;0
17420.85000000;17425.00000000;17420.48000000;17424.07000000;123.62896000;2023-01-11 13:06:59.999;2153979.60100580;2958;77.57791000;1351655.87344610;0
17424.05000000;17424.45000000;17420.57000000;17420.78000000;82.85906000;2023-01-11 13:07:59.999;1443557.66105340;2611;27.41085000;477542.62059240;0
17420.78000000;17422.47000000;17420.77000000;17421.52000000;51.14708000;2023-01-11 13:08:59.999;891061.14040770;2258;20.88225000;363805.74907720;0
17421.79000000;17424.72000000;17420.48000000;17423.22000000;82.53501000;2023-01-11 13:09:59.999;1437908.25414780;2646;44.18336000;769766.63059050;0
17423.64000000;17424.64000000;17420.09000000;17421.17000000;99.10345000;2023-01-11 13:10:59.999;1726609.12072330;3448;37.84461000;659352.97293160;0
17421.18000000;17425.62000000;17420.29000000;17424.63000000;134.96209000;2023-01-11 13:11:59.999;2351415.03361920;3484;89.69066000;1562679.19671070;0
17424.63000000;17426.78000000;17423.27000000;17424.54000000;157.03477000;2023-01-11 13:12:59.999;2736290.62516980;4584;66.78522000;1163735.32773710;0
17424.54000000;17425.00000000;17421.70000000;17424.11000000;67.18819000;2023-01-11 13:13:59.999;1170663.22592340;2577;32.83249000;572068.41574780;0
17424.11000000;17424.51000000;17421.66000000;17422.60000000;68.26627000;2023-01-11 13:14:59.999;1189428.03308250;2757;28.89985000;503536.74255250;0
17422.60000000;17426.76000000;17422.50000000;17423.74000000;119.25959000;2023-01-11 13:15:59.999;2078002.77372210;3557;60.65255000;1056833.82965030;0
17423.73000000;17426.05000000;17422.64000000;17425.30000000;100.93355000;2023-01-11 13:16:59.999;1758693.33131640;3263;52.82504000;920447.17899340;0
17424.84000000;17426.46000000;17421.24000000;17422.29000000;133.70415000;2023-01-11 13:17:59.999;2329619.32883890;3483;41.37350000;720906.72439560;0
17421.99000000;17424.14000000;17421.86000000;17424.14000000;52.22783000;2023-01-11 13:18:59.999;909957.63719820;2489;33.13181000;577255.96183940;0
17424.14000000;17427.42000000;17423.80000000;17426.54000000;114.45261000;2023-01-11 13:19:59.999;1994439.14285600;2999;65.44680000;1140473.88495720;0
17426.54000000;17435.16000000;17425.87000000;17434.34000000;390.78935000;2023-01-11 13:20:59.999;6811702.52183740;4984;167.05851000;2911957.08252230;0
17434.34000000;17435.74000000;17430.09000000;17431.86000000;159.72373000;2023-01-11 13:21:59.999;2784532.44771260;3889;63.67933000;1110158.80279420;0
17431.86000000;17431.93000000;17425.88000000;17426.19000000;145.56632000;2023-01-11 13:22:59.999;2537069.36953950;3855;58.46422000;1018998.40043210;0
17426.49000000;17428.38000000;17422.98000000;17424.83000000;130.73329000;2023-01-11 13:23:59.999;2278095.54650000;2931;47.58317000;829174.38549800;0
17424.39000000;17431.04000000;17422.72000000;17428.53000000;172.68064000;2023-01-11 13:24:59.999;3009275.74050840;4267;99.37140000;1731712.99133140;0
17428.53000000;17429.96000000;17427.11000000;17427.79000000;80.46232000;2023-01-11 13:25:59.999;1402329.72657460;3102;32.93118000;573944.02552970;0
17427.79000000;17428.50000000;17423.69000000;17425.47000000;98.54853000;2023-01-11 13:26:59.999;1717303.47715580;3173;38.98469000;679347.15441930;0
17425.49000000;17425.85000000;17423.02000000;17424.48000000;86.80411000;2023-01-11 13:27:59.999;1512526.92440390;3061;45.17539000;787173.32000770;0
17424.48000000;17426.04000000;17422.90000000;17425.58000000;135.56426000;2023-01-11 13:28:59.999;2362176.91165400;3847;63.05891000;1098808.80052210;0
17425.16000000;17425.85000000;17423.19000000;17423.85000000;101.59804000;2023-01-11 13:29:59.999;1770290.49094650;3028;41.54122000;723839.60703440;0
17423.88000000;17429.00000000;17423.79000000;17427.03000000;97.33615000;2023-01-11 13:30:59.999;1696190.96487830;3086;51.51778000;897757.00501450;0
17427.03000000;17427.68000000;17424.00000000;17425.28000000;126.38433000;2023-01-11 13:31:59.999;2202310.10152850;2579;35.28554000;614876.99091810;0
17425.28000000;17425.29000000;17419.09000000;17419.12000000;161.07768000;2023-01-11 13:32:59.999;2806288.63432470;3600;44.85478000;781481.54416520;0
17419.12000000;17421.46000000;17418.68000000;17420.63000000;123.55597000;2023-01-11 13:33:59.999;2152350.16139760;3597;65.61154000;1142971.13267590;0
17421.03000000;17421.03000000;17416.00000000;17417.77000000;112.50384000;2023-01-11 13:34:59.999;1959644.50867940;3375;40.98172000;713847.27525240;0
17417.77000000;17419.11000000;17410.94000000;17411.64000000;178.55780000;2023-01-11 13:35:59.999;3109551.05911300;4086;59.24175000;1031700.66209060;0
17411.52000000;17415.96000000;17405.76000000;17415.96000000;333.58520000;2023-01-11 13:36:59.999;5807908.40067600;5599;186.04146000;3239116.64038430;0
17415.52000000;17421.05000000;17413.37000000;17414.80000000;198.34900000;2023-01-11 13:37:59.999;3454561.83232860;5076;86.47187000;1506065.66092810;0
17415.33000000;17415.33000000;17404.02000000;17406.08000000;223.06498000;2023-01-11 13:38:59.999;3883118.47188330;5668;82.13045000;1429686.07670410;0
17405.45000000;17408.48000000;17395.72000000;17408.47000000;491.80645000;2023-01-11 13:39:59.999;8558382.76775590;7927;185.72046000;3232002.14110840;0
17407.97000000;17412.73000000;17401.54000000;17402.78000000;315.88330000;2023-01-11 13:40:59.999;5498516.79729060;6270;147.07824000;2560194.68689430;0
17402.78000000;17404.73000000;17393.87000000;17398.96000000;459.61769000;2023-01-11 13:41:59.999;7996875.85181760;7653;209.61062000;3647093.59947350;0
17398.73000000;17400.72000000;17393.05000000;17396.11000000;439.29356000;2023-01-11 13:42:59.999;7642182.44289060;7858;226.61484000;3942389.03220060;0
17396.10000000;17400.85000000;17395.00000000;17400.30000000;160.49332000;2023-01-11 13:43:59.999;2792295.80523120;4499;91.05391000;1584201.61504150;0
17400.73000000;17408.89000000;17399.37000000;17407.31000000;173.06543000;2023-01-11 13:44:59.999;3012233.85250030;4600;97.43818000;1695929.68151710;0
17407.31000000;17407.76000000;17397.24000000;17399.50000000;160.26771000;2023-01-11 13:45:59.999;2788975.75637060;4258;61.22010000;1065360.51121450;0
17399.50000000;17399.97000000;17391.72000000;17396.72000000;242.67023000;2023-01-11 13:46:59.999;4221461.98884230;5014;110.79305000;1927365.56070370;0
17396.19000000;17397.35000000;17393.11000000;17394.36000000;93.44977000;2023-01-11 13:47:59.999;1625554.32838330;3506;48.48751000;843449.56908370;0
17393.77000000;17398.76000000;17390.80000000;17393.15000000;164.77823000;2023-01-11 13:48:59.999;2866289.04595930;4839;79.57290000;1384194.44158070;0
17393.15000000;17395.22000000;17383.48000000;17392.12000000;378.88670000;2023-01-11 13:49:59.999;6588650.91719250;7039;172.88526000;3006508.58585280;0
17392.11000000;17400.10000000;17390.76000000;17399.48000000;210.71078000;2023-01-11 13:50:59.999;3665377.28044250;5127;130.84763000;2276222.31874610;0
17399.71000000;17403.50000000;17397.44000000;17403.31000000;169.52394000;2023-01-11 13:51:59.999;2949799.27183450;4179;92.58848000;1611118.34525270;0
17403.19000000;17411.23000000;17401.72000000;17410.02000000;213.76298000;2023-01-11 13:52:59.999;3720703.68359740;4696;144.85591000;2521408.34517510;0
17410.02000000;17411.61000000;17405.00000000;17410.57000000;158.30000000;2023-01-11 13:53:59.999;2755753.54719010;4208;65.77163000;1144993.95931250;0
17410.57000000;17414.80000000;17407.41000000;17413.47000000;124.81979000;2023-01-11 13:54:59.999;2173315.13611730;3998;66.56671000;1159059.34803780;0
17413.01000000;17414.62000000;17407.23000000;17408.52000000;206.59411000;2023-01-11 13:55:59.999;3596937.52250930;4876;90.60241000;1577480.94151630;0
17408.52000000;17409.32000000;17405.21000000;17407.78000000;91.80902000;2023-01-11 13:56:59.999;1598174.67659290;2898;38.20204000;665028.57668800;0
17407.49000000;17415.00000000;17406.62000000;17413.54000000;147.25450000;2023-01-11 13:57:59.999;2563808.53522440;3984;90.73869000;1579854.50352920;0
17413.54000000;17415.74000000;17412.25000000;17414.16000000;127.75220000;2023-01-11 13:58:59.999;2224699.64851720;3784;61.99349000;1079584.01926880;0
17414.03000000;17417.17000000;17412.00000000;17413.43000000;133.60462000;2023-01-11 13:59:59.999;2326643.12143720;3805;68.77989000;1197785.13701340;0
17413.43000000;17413.86000000;17409.36000000;17410.96000000;146.31935000;2023-01-11 14:00:59.999;2547570.13405550;3831;66.95360000;1165744.94016500;0
17410.95000000;17412.61000000;17407.76000000;17410.73000000;131.06131000;2023-01-11 14:01:59.999;2281812.91754340;3412;63.53706000;1106225.05130070;0
17410.73000000;17410.74000000;17405.01000000;17405.89000000;152.96617000;2023-01-11 14:02:59.999;2662705.81796740;3669;64.72513000;1126695.09645930;0
17405.89000000;17412.48000000;17405.37000000;17411.26000000;105.46518000;2023-01-11 14:03:59.999;1836078.90887290;3473;62.89686000;1094989.58673730;0
17410.61000000;17411.72000000;17408.12000000;17408.19000000;87.18768000;2023-01-11 14:04:59.999;1517939.42079020;2872;37.83848000;658773.18288920;0
17408.77000000;17409.05000000;17406.00000000;17406.90000000;94.23149000;2023-01-11 14:05:59.999;1640301.38070980;3113;47.84567000;832870.58328860;0
17406.90000000;17407.84000000;17396.65000000;17396.67000000;250.05237000;2023-01-11 14:06:59.999;4351113.37411720;5402;108.63981000;1890346.81979040;0
17396.67000000;17398.10000000;17383.37000000;17396.16000000;404.79116000;2023-01-11 14:07:59.999;7039856.33182590;7471;184.48307000;3208447.93435210;0
17396.70000000;17398.35000000;17390.68000000;17397.47000000;237.11400000;2023-01-11 14:08:59.999;4124615.49648320;5368;126.07412000;2193084.35906410;0
17397.94000000;17401.99000000;17395.82000000;17397.61000000;155.12400000;2023-01-11 14:09:59.999;2699000.07733810;4118;77.94836000;1356253.80379460;0
17397.61000000;17397.66000000;17387.10000000;17390.13000000;174.91339000;2023-01-11 14:10:59.999;3042088.58559820;4808;71.11049000;1236755.42756750;0
17389.49000000;17393.60000000;17388.34000000;17393.60000000;93.73691000;2023-01-11 14:11:59.999;1630165.61239320;3613;49.46758000;860298.94767160;0
17393.26000000;17395.50000000;17385.05000000;17387.59000000;204.98752000;2023-01-11 14:12:59.999;3564698.46210960;5172;92.39739000;1606799.57033820;0
17387.59000000;17389.56000000;17377.46000000;17382.28000000;347.41230000;2023-01-11 14:13:59.999;6039160.65772600;7177;155.37173000;2700990.15283590;0
17382.71000000;17386.33000000;17376.00000000;17383.08000000;289.95211000;2023-01-11 14:14:59.999;5040046.19189280;6629;139.19638000;2419600.10065250;0
17382.48000000;17388.97000000;17377.86000000;17382.89000000;265.37454000;2023-01-11 14:15:59.999;4613312.40834370;5788;150.18260000;2610843.82599220;0
17383.50000000;17390.97000000;17382.14000000;17389.96000000;180.03139000;2023-01-11 14:16:59.999;3130297.01112340;5218;103.41843000;1798200.34643550;0
17389.26000000;17396.00000000;17385.60000000;17387.49000000;195.88941000;2023-01-11 14:17:59.999;3406663.31274040;5183;93.90528000;1633112.20824310;0
17387.05000000;17389.18000000;17377.83000000;17385.17000000;282.98721000;2023-01-11 14:18:59.999;4919119.14441820;6102;135.40445000;2353746.40736490;0
17385.16000000;17387.08000000;17381.06000000;17385.69000000;197.35291000;2023-01-11 14:19:59.999;3430777.44002120;5258;94.23971000;1638293.47390470;0
17385.65000000;17386.03000000;17377.01000000;17381.27000000;232.43299000;2023-01-11 14:20:59.999;4039842.71125300;4848;89.73420000;1559666.80776700;0
17382.06000000;17387.05000000;17381.27000000;17383.36000000;144.83173000;2023-01-11 14:21:59.999;2517795.81776300;3867;85.57264000;1487626.80829900;0
17383.36000000;17391.79000000;17380.66000000;17391.26000000;181.81105000;2023-01-11 14:22:59.999;3161084.23517690;4615;112.77813000;1960917.06048280;0
17391.48000000;17396.07000000;17387.63000000;17393.33000000;209.54080000;2023-01-11 14:23:59.999;3644385.37130790;4751;103.23890000;1795582.56732730;0
17393.19000000;17396.78000000;17390.58000000;17395.77000000;157.16151000;2023-01-11 14:24:59.999;2733616.31737650;3528;80.54018000;1400898.79919440;0
17395.76000000;17395.76000000;17385.83000000;17387.74000000;209.76407000;2023-01-11 14:25:59.999;3647798.55515130;4748;86.89249000;1511018.10722990;0
17387.30000000;17395.00000000;17385.39000000;17393.84000000;143.01134000;2023-01-11 14:26:59.999;2486975.06490100;4779;79.84236000;1388480.78525120;0
17394.41000000;17397.67000000;17392.49000000;17395.83000000;187.87708000;2023-01-11 14:27:59.999;3268149.40989050;4404;90.19180000;1568913.69209910;0
17395.83000000;17400.72000000;17392.45000000;17397.50000000;132.93051000;2023-01-11 14:28:59.999;2312571.92248160;4102;66.17965000;1151322.92785150;0
17397.99000000;17398.64000000;17394.31000000;17395.97000000;127.96065000;2023-01-11 14:29:59.999;2226093.43563460;3933;58.83033000;1023472.20026940;0
17395.66000000;17413.34000000;17393.54000000;17405.11000000;514.98582000;2023-01-11 14:30:59.999;8963157.53603560;8905;279.14496000;4858387.06216240;0
17405.11000000;17410.78000000;17390.77000000;17391.36000000;432.74473000;2023-01-11 14:31:59.999;7530290.04123900;7563;229.24233000;3989320.72937700;0
17391.36000000;17395.63000000;17381.00000000;17381.40000000;335.72124000;2023-01-11 14:32:59.999;5837501.54501050;6872;147.93147000;2572326.79018880;0
17381.40000000;17391.99000000;17377.00000000;17390.55000000;401.32948000;2023-01-11 14:33:59.999;6976229.32920400;7667;205.03464000;3564282.30166940;0
17390.55000000;17392.97000000;17383.15000000;17386.64000000;241.44194000;2023-01-11 14:34:59.999;4198182.64969710;5548;118.51834000;2060836.16229100;0
17387.38000000;17395.03000000;17386.64000000;17390.64000000;223.57523000;2023-01-11 14:35:59.999;3888391.25822570;5579;120.32818000;2092761.34354010;0
17390.64000000;17405.00000000;17390.34000000;17401.26000000;284.95421000;2023-01-11 14:36:59.999;4958363.19622090;6502;157.57048000;2741774.07656590;0
17401.27000000;17414.00000000;17399.04000000;17410.36000000;365.40426000;2023-01-11 14:37:59.999;6361014.97579060;7522;209.23793000;3642504.25157820;0
17410.37000000;17413.24000000;17403.83000000;17410.81000000;242.29725000;2023-01-11 14:38:59.999;4217964.10081060;5277;113.02778000;1967688.22075470;0
17410.81000000;17414.69000000;17406.23000000;17411.16000000;332.30401000;2023-01-11 14:39:59.999;5785818.88374290;5785;140.82352000;2451909.10462980;0
17411.74000000;17413.92000000;17406.96000000;17410.02000000;220.01729000;2023-01-11 14:40:59.999;3830506.50470350;5037;125.85366000;2191165.76399790;0
17410.02000000;17410.07000000;17400.00000000;17402.00000000;264.79444000;2023-01-11 14:41:59.999;4608571.68569710;4671;135.34473000;2355564.14632460;0
17401.31000000;17418.58000000;17401.31000000;17418.09000000;262.61919000;2023-01-11 14:42:59.999;4572577.80558090;5906;166.48154000;2898664.84644550;0
17418.09000000;17424.99000000;17415.92000000;17420.84000000;271.80024000;2023-01-11 14:43:59.999;4735180.26045860;6580;160.51820000;2796474.46279160;0
17420.84000000;17421.95000000;17415.40000000;17419.69000000;231.92446000;2023-01-11 14:44:59.999;4039735.42477040;4615;127.23665000;2216283.67536620;0
17418.96000000;17420.60000000;17405.15000000;17416.65000000;316.69699000;2023-01-11 14:45:59.999;5514965.85247960;6306;135.87721000;2366131.12138090;0
17416.65000000;17419.54000000;17411.55000000;17417.76000000;175.14699000;2023-01-11 14:46:59.999;3050436.00900940;4456;83.99424000;1462882.21057390;0
17417.76000000;17421.11000000;17412.63000000;17420.42000000;192.48671000;2023-01-11 14:47:59.999;3352603.39851680;4129;105.11812000;1830898.45826510;0
17419.76000000;17430.51000000;17419.75000000;17429.95000000;354.05389000;2023-01-11 14:48:59.999;6169979.41510740;6555;214.75227000;3742430.80217040;0
17429.95000000;17435.87000000;17426.18000000;17430.35000000;312.53955000;2023-01-11 14:49:59.999;5448080.48698340;6250;146.96773000;2561959.27016260;0
17430.26000000;17433.78000000;17428.60000000;17431.67000000;194.34591000;2023-01-11 14:50:59.999;3387702.22164200;4712;106.61480000;1858453.02196610;0
17431.92000000;17433.50000000;17425.00000000;17427.72000000;180.03287000;2023-01-11 14:51:59.999;3137710.77191050;4149;67.24600000;1171978.01071900;0
17427.38000000;17433.79000000;17424.26000000;17426.35000000;168.26594000;2023-01-11 14:52:59.999;2932614.02636330;4606;81.47757000;1420057.35804120;0
17426.89000000;17427.84000000;17412.56000000;17417.80000000;330.33900000;2023-01-11 14:53:59.999;5754600.45811310;5971;126.53258000;2204285.70586310;0
17417.78000000;17421.45000000;17413.89000000;17419.01000000;205.75418000;2023-01-11 14:54:59.999;3583878.01775990;4890;105.16927000;1831904.00372950;0
17419.53000000;17421.49000000;17417.01000000;17418.63000000;156.36522000;2023-01-11 14:55:59.999;2723741.13921650;3781;78.60925000;1369328.58380640;0
17418.63000000;17423.86000000;17417.18000000;17420.75000000;124.48443000;2023-01-11 14:56:59.999;2168609.53636810;3762;65.22924000;1136356.97094220;0
17420.75000000;17421.20000000;17413.15000000;17417.90000000;198.59774000;2023-01-11 14:57:59.999;3459005.14639430;4197;114.04491000;1986319.29759240;0
17417.90000000;17418.40000000;17408.00000000;17410.90000000;209.12236000;2023-01-11 14:58:59.999;3641232.68671630;4225;91.11293000;1586457.36453020;0
17411.32000000;17415.72000000;17410.51000000;17413.97000000;116.64542000;2023-01-11 14:59:59.999;2031111.80371640;3206;65.76722000;1145202.92870850;0
17413.97000000;17417.82000000;17410.52000000;17413.48000000;226.82240000;2023-01-11 15:00:59.999;3949930.71557280;5461;117.92905000;2053692.04255720;0
17412.83000000;17414.32000000;17408.71000000;17412.86000000;199.39001000;2023-01-11 15:01:59.999;3471598.95771710;4466;93.41009000;1626405.49998680;0
17412.86000000;17418.85000000;17411.61000000;17416.72000000;165.81088000;2023-01-11 15:02:59.999;2887720.29925750;4411;85.54425000;1489843.20726110;0
17417.39000000;17426.29000000;17415.70000000;17421.88000000;224.49658000;2023-01-11 15:03:59.999;3910918.42792940;5248;128.64067000;2241088.59584250;0
17421.88000000;17428.83000000;17420.50000000;17423.16000000;205.95923000;2023-01-11 15:04:59.999;3588713.80531180;4892;109.48390000;1907719.72682860;0
17423.65000000;17430.88000000;17422.50000000;17430.46000000;198.45429000;2023-01-11 15:05:59.999;3458436.44958450;4949;118.13372000;2058735.15264760;0
17429.88000000;17431.55000000;17425.30000000;17429.36000000;210.02107000;2023-01-11 15:06:59.999;3660478.91810600;4841;85.49912000;1490172.12954780;0
17429.36000000;17433.63000000;17425.53000000;17432.98000000;181.15091000;2023-01-11 15:07:59.999;3157321.30809930;4019;109.52244000;1908948.98933560;0
17433.61000000;17437.25000000;17429.15000000;17429.38000000;241.74091000;2023-01-11 15:08:59.999;4214450.28436760;5241;120.84719000;2106891.13620850;0
17429.38000000;17434.83000000;17427.85000000;17431.83000000;140.44699000;2023-01-11 15:09:59.999;2448304.16366010;3608;69.77999000;1216429.98919870;0
17431.83000000;17437.71000000;17431.75000000;17434.35000000;159.49895000;2023-01-11 15:10:59.999;2780864.52939120;3982;84.27149000;1469293.68574530;0
17434.35000000;17435.72000000;17429.23000000;17434.49000000;161.35513000;2023-01-11 15:11:59.999;2812945.20266490;3408;86.82814000;1513730.52798110;0
17434.49000000;17434.74000000;17429.57000000;17429.73000000;136.55274000;2023-01-11 15:12:59.999;2380312.32423560;3154;65.13055000;1135326.59044520;0
17430.35000000;17431.25000000;17421.18000000;17421.95000000;169.81507000;2023-01-11 15:13:59.999;2959119.53116690;4325;69.98467000;1219496.14770130;0
17421.41000000;17422.71000000;17418.65000000;17420.42000000;128.49354000;2023-01-11 15:14:59.999;2238484.05106010;3464;69.20917000;1205710.84025640;0
17419.96000000;17429.60000000;17419.96000000;17426.75000000;188.58667000;2023-01-11 15:15:59.999;3286201.23231440;4809;104.44611000;1820005.01905100;0
17427.34000000;17427.34000000;17416.86000000;17417.67000000;192.86148000;2023-01-11 15:16:59.999;3359831.94390950;4595;74.30776000;1294511.16699620;0
17417.67000000;17426.29000000;17416.71000000;17421.31000000;200.00716000;2023-01-11 15:17:59.999;3484341.46408130;4640;115.10311000;2005221.92478260;0
17422.02000000;17422.13000000;17418.03000000;17419.44000000;135.62409000;2023-01-11 15:18:59.999;2362577.33583640;3549;64.94772000;1131413.17797690;0
17419.50000000;17420.00000000;17415.35000000;17415.51000000;170.41000000;2023-01-11 15:19:59.999;2968096.31838890;4083;84.86721000;1478187.05862530;0
17415.51000000;17418.94000000;17412.87000000;17418.26000000;158.66639000;2023-01-11 15:20:59.999;2763351.44037030;3973;82.50105000;1436868.80386610;0
17418.26000000;17419.99000000;17414.60000000;17415.78000000;148.37932000;2023-01-11 15:21:59.999;2584409.45168340;3368;64.46100000;1122769.66187490;0
17415.78000000;17422.90000000;17413.31000000;17421.12000000;162.88704000;2023-01-11 15:22:59.999;2837126.42947040;4089;92.58880000;1612725.39677090;0
17420.72000000;17422.50000000;17414.48000000;17416.86000000;119.64407000;2023-01-11 15:23:59.999;2083954.43895930;3279;50.89713000;886538.40130680;0
17416.86000000;17419.42000000;17413.70000000;17416.34000000;128.38724000;2023-01-11 15:24:59.999;2236010.10828270;3329;55.91234000;973784.98854330;0
